{
    "hp": 4,
    "inventory": {
        "slot0": {

        },
        "slot1": {

        },
        "slot2": {

        },
        "slot3": {

        },
        "slot4": {

        },
        "slot5": {

        }
    },
    "x_pos": 762.055297851563,
    "y_pos": 352.936431884766
}